,carname,Year,Make,Class,Trim,Condition,Mileage,Fuel Type,Specs,location,price
0,mercedes -AMG. GLC 43Coupe 2026,2026,مرسيدس بنز,الفئة-GLC,GLC 43 AMG,مستعمل,"‏ 3,000 كم ‏",بنزين,مواصفات خليجية,"مدينة نصر, القاهرة","7,400,000 جنيه"
1,أقل سعر لنفس الموديل والمواصفات 2010 c180 كاملة بانوراما إيفنجارد,2010,مرسيدس بنز,الفئة-C,C 180,مستعمل,"‏ 212,000 كم ‏",بنزين,مواصفات أوروبية,"العجوزة, الجيزة","960,000 جنيه"
2,Mersedec benz E 230 1989,1989,مرسيدس بنز,الفئة-E,E 240,مستعمل,"‏ 257,000 كم ‏",بنزين,مواصفات خليجية,"مصر الجديدة, القاهرة","430,000 جنيه"
3,Mercedes GLA,2026,مرسيدس بنز,الفئة-GLA,GLA 200,مستعمل,"‏ 24,500 كم ‏",بنزين,مواصفات أخرى,"مصر الجديدة, القاهرة","3,200,000 جنيه"
4,Mercedes- Benz E200 Avantgarde-factory Condition,2022,مرسيدس بنز,اخرى,Other,مستعمل,"‏ 70,000 كم ‏",بنزين,مواصفات أخرى,"6 أكتوبر, الجيزة","35,000,000 جنيه"
5,مرسيدس بنز CLA 200 AMG Night Package موديل 2026  كسر زيرو فابريكا بالكامل,2026,مرسيدس بنز,الفئة-CLA,CLA 200,مستعمل,"‏ 6,000 كم ‏",بنزين,مواصفات أخرى,"مصر الجديدة, القاهرة","3,150,000 جنيه"
6,Mercedes CLA 200 AMG 2024 Fully  Loaded   SPECIAL COLOR: Pearl White,2024,مرسيدس بنز,الفئة-CLA,CLA 200,مستعمل,"‏ 21,000 كم ‏",بنزين,مواصفات أخرى,"التجمع الخامس, القاهرة","3,000,000 جنيه"
7,Mercedes GLA 200 suv للبيع,2018,مرسيدس بنز,الفئة-GLA,GLA 200,مستعمل,"‏ 54,000 كم ‏",بنزين,مواصفات أخرى,"العجوزة, الجيزة","1,800,000 جنيه"
8,مرسيدس cla200 2026,2026,مرسيدس بنز,الفئة-CLA,CLA 200,مستعمل,"‏ 11,500 كم ‏",بنزين,مواصفات أوروبية,"مصر الجديدة, القاهرة","3,400,000 جنيه"
9,13 سياره مرسيدس لعشاق الفخامة Mercedes GLA 200 Mercedes Benz Glc43 Mercedes A200 Hatchback,2025,مرسيدس بنز,اخرى,Other,جديد,‏ 0 كم ‏,بنزين,مواصفات أوروبية,"مصر الجديدة, القاهرة","1,000,000 جنيه"
10,Mercedes Benz CLA 200 2026 zero,2026,مرسيدس بنز,الفئة-CLA,CLA 200,مستعمل,"‏ 6,000 كم ‏",بنزين,مواصفات أوروبية,"القاهرة الجديدة, القاهرة","3,150,000 جنيه"
11,مرسيدس عيون أعلي فئه حاله شازه مفيش مسمار محلول  موديل 2000,2000,مرسيدس بنز,الفئة-A,Standard,مستعمل,"‏ 250,000 كم ‏",بنزين,مواصفات أوروبية,"أخرى, دمنهور","700,000 جنيه"
12,مرسيدس معدلة230E الألماني موديل 1980,1980,مرسيدس بنز,اخرى,230,مستعمل,"‏ 88,888 كم ‏",بنزين,مواصفات أوروبية,"الأميرية, القاهرة","135,000 جنيه"
13,كسر زيرو Mercedes EQE 350 AMG 4MATIC SUV,2024,مرسيدس بنز,الفئة-EQE,EQE 350 SUV,مستعمل,"‏ 10,006 كم ‏",كهربائي,مواصفات صينية,"التجمع الأول, القاهرة","3,000,000 جنيه"
14,Mercedes Benz GLC 43 AMG,2026,مرسيدس بنز,الفئة-GLC,GLC 43 AMG,مستعمل,"‏ 20,000 كم ‏",بنزين,وارد وكالة,"مدينة نصر, القاهرة","6,780,000 جنيه"
15,Eqe 350 4matic Mercedes 2024 كسر زيرو amg line and in excellent condition,2024,مرسيدس بنز,الفئة-EQE,EQE 350 SUV,مستعمل,"‏ 10,006 كم ‏",كهربائي,مواصفات صينية,"التجمع الأول, القاهرة","3,500,000 جنيه"
16,مرسيدس اول ترخيص 8/2026,2010,مرسيدس بنز,الفئة-E,E 200,مستعمل,"‏ 165,000 كم ‏",بنزين,مواصفات أوروبية,"مدينة الشروق, القاهرة","1,600,000 جنيه"
17,Mercedes-Benz GLA 200 AMG – Model 2026  Luxury  Sporty  Full Options  Black on Red,2026,مرسيدس بنز,الفئة-GLA,GLA 200,جديد,‏ 24 كم ‏,بنزين,مواصفات أمريكية,"القاهرة الجديدة, القاهرة","3,200,000 جنيه"
18,مرسيدس c280 بسعر مميعز,2009,مرسيدس بنز,الفئة-C,C 280,مستعمل,"‏ 200,000 كم ‏",بنزين,مواصفات أخرى,"الخصوص, القليوبية","1,400,000 جنيه"
19,Mercedes-Benz GLC 2021 AMG – For Sale,2021,مرسيدس بنز,الفئة-GLC,GLC 300,مستعمل,"‏ 160,000 كم ‏",بنزين,مواصفات أخرى,"مصر الجديدة, القاهرة","3,100,000 جنيه"
20,مرسيدس benz,2024,مرسيدس بنز,الفئة-C,C 180,مستعمل,"‏ 86,000 كم ‏",بنزين,مواصفات أمريكية,"مصر الجديدة, القاهرة","2,850,000 جنيه"
21,سياره مرسيدس موديل 1998 حاله جيده جدا مش محتاجه مصروف عربيه بيتي بمعني,1998,مرسيدس بنز,الفئة-E,E 200,مستعمل,"‏ 210,000 كم ‏",بنزين,مواصفات أوروبية,"منيا القمح, الشرقية","480,000 جنيه"
22,مرسيدس c180,2011,مرسيدس بنز,الفئة-C,C 180,مستعمل,"‏ 14,000 كم ‏",بنزين,مواصفات أوروبية,"مدينة نصر, القاهرة","1,500,000 جنيه"
23,Mercedes GLC 43 model 2026,2026,مرسيدس بنز,الفئة-GLC,GLC 43 AMG,جديد,‏ 0 كم ‏,بنزين,مواصفات أخرى,"مصر الجديدة, القاهرة","8,000,000 جنيه"
24,مرسيدس c180 2001 حالة ممتازة,2001,مرسيدس بنز,الفئة-C,C 180,مستعمل,"‏ 192,000 كم ‏",بنزين,مواصفات أخرى,"الشيخ زايد, الجيزة","575,000 جنيه"
25,Mercedes a35 2022,2022,مرسيدس بنز,الفئة-A,A 35 AMG,مستعمل,"‏ 80,000 كم ‏",بنزين,مواصفات أوروبية,"عجمي, الإسكندرية","2,450,000 جنيه"
26,اقوى E250 بانوراما 2014 مرسيدس,2014,مرسيدس بنز,الفئة-E,E 250,مستعمل,"‏ 150,000 كم ‏",بنزين,مواصفات أوروبية,"أخرى, طنطا","2,100,000 جنيه"
27,مرسيدس GLC300 AMG 25 كوبيه,2025,مرسيدس بنز,الفئة-GLC,GLC 300,مستعمل,"‏ 30,000 كم ‏",بنزين,مواصفات أوروبية,"مدينة نصر, القاهرة","2,500,000 جنيه"
28,مرسيدس C180 AMG 26 كسر زيرو,2026,مرسيدس بنز,الفئة-C,C 180,مستعمل,"‏ 5,000 كم ‏",بنزين,مواصفات أوروبية,"سيدي بشر, الإسكندرية","1,500,000 جنيه"
29,للبيع – Mercedes-Benz GLC 200 SUV,2022,مرسيدس بنز,الفئة-GLC,GLC 200,مستعمل,"‏ 68,000 كم ‏",بنزين,مواصفات أوروبية,"مدينة الشروق, القاهرة","3,200,000 جنيه"
